Model	LOGO	Transcription factor	Model length	Quality	TF family	EntrezGene	UniProt ID
AHR_MOUSE.H11MO.0.B		MOUSE:Ahr	9	B	PAS domain factors{1.2.5}	11622	AHR_MOUSE
AIRE_MOUSE.H11MO.0.C		MOUSE:Aire	18	C	AIRE{5.3.1}	11634	AIRE_MOUSE
ALX1_MOUSE.H11MO.0.B		MOUSE:Alx1	12	B	Paired-related HD factors{3.1.3}	216285	ALX1_MOUSE
ANDR_MOUSE.H11MO.0.A		MOUSE:Ar	16	A	Steroid hormone receptors (NR3){2.1.1}	11835	ANDR_MOUSE
ANDR_MOUSE.H11MO.1.A		MOUSE:Ar	12	A	Steroid hormone receptors (NR3){2.1.1}	11835	ANDR_MOUSE
AP2A_MOUSE.H11MO.0.A		MOUSE:Tfap2a	12	A	AP-2{1.3.1}	21418	AP2A_MOUSE
AP2B_MOUSE.H11MO.0.B		MOUSE:Tfap2b	10	B	AP-2{1.3.1}	21419	AP2B_MOUSE
AP2C_MOUSE.H11MO.0.A		MOUSE:Tfap2c	13	A	AP-2{1.3.1}	21420	AP2C_MOUSE
AP2D_MOUSE.H11MO.0.D		MOUSE:Tfap2d	14	D	AP-2{1.3.1}	226896	AP2D_MOUSE
ARI3A_MOUSE.H11MO.0.D		MOUSE:Arid3a	22	D	ARID-related factors{3.7.1}	13496	ARI3A_MOUSE
ARI5B_MOUSE.H11MO.0.C		MOUSE:Arid5b	13	C	ARID-related factors{3.7.1}	71371	ARI5B_MOUSE
ARNT2_MOUSE.H11MO.0.D		MOUSE:Arnt2	12	D	PAS domain factors{1.2.5}	11864	ARNT2_MOUSE
ARNT_MOUSE.H11MO.0.B		MOUSE:Arnt	8	B	PAS domain factors{1.2.5}	11863	ARNT_MOUSE
ASCL1_MOUSE.H11MO.0.A		MOUSE:Ascl1	14	A	MyoD / ASC-related factors{1.2.2}	17172	ASCL1_MOUSE
ASCL2_MOUSE.H11MO.0.C		MOUSE:Ascl2	9	C	MyoD / ASC-related factors{1.2.2}	17173	ASCL2_MOUSE
ATF1_MOUSE.H11MO.0.B		MOUSE:Atf1	10	B	CREB-related factors{1.1.7}	11908	ATF1_MOUSE
ATF2_MOUSE.H11MO.0.A		MOUSE:Atf2	11	A	Jun-related factors{1.1.1}	102641666; 11909	ATF2_MOUSE
ATF3_MOUSE.H11MO.0.A		MOUSE:Atf3	9	A	Fos-related factors{1.1.2}	11910	ATF3_MOUSE
ATF4_MOUSE.H11MO.0.A		MOUSE:Atf4	12	A	ATF-4-related factors{1.1.6}	11911	ATF4_MOUSE
ATF7_MOUSE.H11MO.0.D		MOUSE:Atf7	11	D	Jun-related factors{1.1.1}	223922	ATF7_MOUSE
ATOH1_MOUSE.H11MO.0.B		MOUSE:Atoh1	9	B	Tal-related factors{1.2.3}	11921	ATOH1_MOUSE
BACH1_MOUSE.H11MO.0.C		MOUSE:Bach1	14	C	Jun-related factors{1.1.1}	12013	BACH1_MOUSE
BACH2_MOUSE.H11MO.0.A		MOUSE:Bach2	11	A	Jun-related factors{1.1.1}	12014	BACH2_MOUSE
BARX1_MOUSE.H11MO.0.C		MOUSE:Barx1	12	C	NK-related factors{3.1.2}	12022	BARX1_MOUSE
BARX2_MOUSE.H11MO.0.D		MOUSE:Barx2	10	D	NK-related factors{3.1.2}	12023	BARX2_MOUSE
BATF3_MOUSE.H11MO.0.A		MOUSE:Batf3	17	A	B-ATF-related factors{1.1.4}	381319	BATF3_MOUSE
BATF_MOUSE.H11MO.0.A		MOUSE:Batf	18	A	B-ATF-related factors{1.1.4}	53314	BATF_MOUSE
BATF_MOUSE.H11MO.1.A		MOUSE:Batf	11	A	B-ATF-related factors{1.1.4}	53314	BATF_MOUSE
BCL6_MOUSE.H11MO.0.A		MOUSE:Bcl6	13	A	More than 3 adjacent zinc finger factors{2.3.3}	12053	BCL6_MOUSE
BHA15_MOUSE.H11MO.0.A		MOUSE:Bhlha15	11	A	Tal-related factors{1.2.3}	17341	BHA15_MOUSE
BHE40_MOUSE.H11MO.0.A		MOUSE:Bhlhe40	9	A	Hairy-related factors{1.2.4}	20893	BHE40_MOUSE
BHE41_MOUSE.H11MO.0.D		MOUSE:Bhlhe41	20	D	Hairy-related factors{1.2.4}	79362	BHE41_MOUSE
BMAL1_MOUSE.H11MO.0.A		MOUSE:Arntl	9	A	PAS domain factors{1.2.5}	11865	BMAL1_MOUSE
BRAC_MOUSE.H11MO.0.B		MOUSE:T	25	B	Brachyury-related factors{6.5.1}	20997	BRAC_MOUSE
BRAC_MOUSE.H11MO.1.C		MOUSE:T	13	C	Brachyury-related factors{6.5.1}	20997	BRAC_MOUSE
BRCA1_MOUSE.H11MO.0.D		MOUSE:Brca1	9	D		12189	BRCA1_MOUSE
CDC5L_MOUSE.H11MO.0.D		MOUSE:Cdc5l	15	D	Myb/SANT domain factors{3.5.1}	71702	CDC5L_MOUSE
CDX1_MOUSE.H11MO.0.C		MOUSE:Cdx1	8	C	HOX-related factors{3.1.1}	12590	CDX1_MOUSE
CDX2_MOUSE.H11MO.0.A		MOUSE:Cdx2	12	A	HOX-related factors{3.1.1}	12591	CDX2_MOUSE
CEBPA_MOUSE.H11MO.0.A		MOUSE:Cebpa	11	A	C/EBP-related{1.1.8}	12606	CEBPA_MOUSE
CEBPB_MOUSE.H11MO.0.A		MOUSE:Cebpb	11	A	C/EBP-related{1.1.8}	12608	CEBPB_MOUSE
CEBPD_MOUSE.H11MO.0.B		MOUSE:Cebpd	11	B	C/EBP-related{1.1.8}	12609	CEBPD_MOUSE
CEBPE_MOUSE.H11MO.0.A		MOUSE:Cebpe	12	A	C/EBP-related{1.1.8}	110794	CEBPE_MOUSE
CEBPG_MOUSE.H11MO.0.B		MOUSE:Cebpg	12	B	C/EBP-related{1.1.8}	12611	CEBPG_MOUSE
CEBPZ_MOUSE.H11MO.0.D		MOUSE:Cebpz	11	D		12607	CEBPZ_MOUSE
CLOCK_MOUSE.H11MO.0.C		MOUSE:Clock	14	C	PAS domain factors{1.2.5}	12753	CLOCK_MOUSE
COE1_MOUSE.H11MO.0.A		MOUSE:Ebf1	13	A	Early B-Cell Factor-related factors{6.1.5}	13591	COE1_MOUSE
COT1_MOUSE.H11MO.0.B		MOUSE:Nr2f1	9	B	RXR-related receptors (NR2){2.1.3}	13865	COT1_MOUSE
COT1_MOUSE.H11MO.1.C		MOUSE:Nr2f1	12	C	RXR-related receptors (NR2){2.1.3}	13865	COT1_MOUSE
COT2_MOUSE.H11MO.0.A		MOUSE:Nr2f2	13	A	RXR-related receptors (NR2){2.1.3}	11819	COT2_MOUSE
COT2_MOUSE.H11MO.1.B		MOUSE:Nr2f2	15	B	RXR-related receptors (NR2){2.1.3}	11819	COT2_MOUSE
COT2_MOUSE.H11MO.2.B		MOUSE:Nr2f2	17	B	RXR-related receptors (NR2){2.1.3}	11819	COT2_MOUSE
CREB1_MOUSE.H11MO.0.A		MOUSE:Creb1	11	A	CREB-related factors{1.1.7}	12912	CREB1_MOUSE
CREM_MOUSE.H11MO.0.C		MOUSE:Crem	11	C	CREB-related factors{1.1.7}	12916	CREM_MOUSE
CRX_MOUSE.H11MO.0.A		MOUSE:Crx	13	A	Paired-related HD factors{3.1.3}	12951	CRX_MOUSE
CTCFL_MOUSE.H11MO.0.A		MOUSE:Ctcfl	18	A	More than 3 adjacent zinc finger factors{2.3.3}	664799	CTCFL_MOUSE
CTCF_MOUSE.H11MO.0.A		MOUSE:Ctcf	20	A	More than 3 adjacent zinc finger factors{2.3.3}	13018	CTCF_MOUSE
CUX1_MOUSE.H11MO.0.C		MOUSE:Cux1	14	C	HD-CUT factors{3.1.9}	13047	CUX1_MOUSE
CUX2_MOUSE.H11MO.0.C		MOUSE:Cux2	11	C	HD-CUT factors{3.1.9}	13048	CUX2_MOUSE
CXXC1_MOUSE.H11MO.0.D		MOUSE:Cxxc1	7	D		74322	CXXC1_MOUSE
DBP_MOUSE.H11MO.0.B		MOUSE:Dbp	11	B	C/EBP-related{1.1.8}	13170	DBP_MOUSE
DDIT3_MOUSE.H11MO.0.C		MOUSE:Ddit3	10	C	C/EBP-related{1.1.8}	13198	DDIT3_MOUSE
DLX2_MOUSE.H11MO.0.D		MOUSE:Dlx2	8	D	NK-related factors{3.1.2}	13392	DLX2_MOUSE
DLX3_MOUSE.H11MO.0.C		MOUSE:Dlx3	10	C	NK-related factors{3.1.2}	13393	DLX3_MOUSE
DLX5_MOUSE.H11MO.0.C		MOUSE:Dlx5	11	C	NK-related factors{3.1.2}	13395	DLX5_MOUSE
DMRT1_MOUSE.H11MO.0.C		MOUSE:Dmrt1	17	C	DMRT{2.5.1}	50796	DMRT1_MOUSE
DMRTB_MOUSE.H11MO.0.C		MOUSE:Dmrtb1	16	C	DMRT{2.5.1}	56296	DMRTB_MOUSE
E2F1_MOUSE.H11MO.0.A		MOUSE:E2f1	12	A	E2F-related factors{3.3.2}	13555	E2F1_MOUSE
E2F2_MOUSE.H11MO.0.B		MOUSE:E2f2	10	B	E2F-related factors{3.3.2}	242705	E2F2_MOUSE
E2F3_MOUSE.H11MO.0.A		MOUSE:E2f3	10	A	E2F-related factors{3.3.2}	13557	E2F3_MOUSE
E2F4_MOUSE.H11MO.0.A		MOUSE:E2f4	14	A	E2F-related factors{3.3.2}	104394	E2F4_MOUSE
E2F4_MOUSE.H11MO.1.A		MOUSE:E2f4	14	A	E2F-related factors{3.3.2}	104394	E2F4_MOUSE
E2F5_MOUSE.H11MO.0.B		MOUSE:E2f5	10	B	E2F-related factors{3.3.2}	13559	E2F5_MOUSE
E2F6_MOUSE.H11MO.0.A		MOUSE:E2f6	12	A	E2F-related factors{3.3.2}	50496	E2F6_MOUSE
E2F7_MOUSE.H11MO.0.C		MOUSE:E2f7	13	C	E2F-related factors{3.3.2}	52679	E2F7_MOUSE
E4F1_MOUSE.H11MO.0.D		MOUSE:E4f1	9	D	Factors with multiple dispersed zinc fingers{2.3.4}	13560	E4F1_MOUSE
EGR1_MOUSE.H11MO.0.A		MOUSE:Egr1	14	A	Three-zinc finger Krüppel-related factors{2.3.1}	13653	EGR1_MOUSE
EGR2_MOUSE.H11MO.0.A		MOUSE:Egr2	14	A	Three-zinc finger Krüppel-related factors{2.3.1}	13654	EGR2_MOUSE
EGR2_MOUSE.H11MO.1.A		MOUSE:Egr2	18	A	Three-zinc finger Krüppel-related factors{2.3.1}	13654	EGR2_MOUSE
EGR3_MOUSE.H11MO.0.D		MOUSE:Egr3	11	D	Three-zinc finger Krüppel-related factors{2.3.1}	13655	EGR3_MOUSE
EGR4_MOUSE.H11MO.0.D		MOUSE:Egr4	11	D	Three-zinc finger Krüppel-related factors{2.3.1}	13656	EGR4_MOUSE
EHF_MOUSE.H11MO.0.B		MOUSE:Ehf	15	B	Ets-related factors{3.5.2}	13661	EHF_MOUSE
ELF1_MOUSE.H11MO.0.A		MOUSE:Elf1	14	A	Ets-related factors{3.5.2}	13709	ELF1_MOUSE
ELF2_MOUSE.H11MO.0.C		MOUSE:Elf2	15	C	Ets-related factors{3.5.2}	69257	ELF2_MOUSE
ELF3_MOUSE.H11MO.0.B		MOUSE:Elf3	14	B	Ets-related factors{3.5.2}	13710	ELF3_MOUSE
ELF5_MOUSE.H11MO.0.A		MOUSE:Elf5	17	A	Ets-related factors{3.5.2}	13711	ELF5_MOUSE
ELK1_MOUSE.H11MO.0.B		MOUSE:Elk1	11	B	Ets-related factors{3.5.2}	13712	ELK1_MOUSE
ELK3_MOUSE.H11MO.0.D		MOUSE:Elk3	12	D	Ets-related factors{3.5.2}	13713	ELK3_MOUSE
ELK4_MOUSE.H11MO.0.B		MOUSE:Elk4	13	B	Ets-related factors{3.5.2}	13714	ELK4_MOUSE
EPAS1_MOUSE.H11MO.0.C		MOUSE:Epas1	9	C	PAS domain factors{1.2.5}	13819	EPAS1_MOUSE
ERG_MOUSE.H11MO.0.A		MOUSE:Erg	14	A	Ets-related factors{3.5.2}	13876	ERG_MOUSE
ERR1_MOUSE.H11MO.0.A		MOUSE:Esrra	12	A	Steroid hormone receptors (NR3){2.1.1}	26379	ERR1_MOUSE
ERR2_MOUSE.H11MO.0.A		MOUSE:Esrrb	17	A	Steroid hormone receptors (NR3){2.1.1}	26380	ERR2_MOUSE
ERR3_MOUSE.H11MO.0.C		MOUSE:Esrrg	10	C	Steroid hormone receptors (NR3){2.1.1}	26381	ERR3_MOUSE
ESR1_MOUSE.H11MO.0.A		MOUSE:Esr1	15	A	Steroid hormone receptors (NR3){2.1.1}	13982	ESR1_MOUSE
ESR1_MOUSE.H11MO.1.A		MOUSE:Esr1	10	A	Steroid hormone receptors (NR3){2.1.1}	13982	ESR1_MOUSE
ESR2_MOUSE.H11MO.0.A		MOUSE:Esr2	15	A	Steroid hormone receptors (NR3){2.1.1}	13983	ESR2_MOUSE
ESR2_MOUSE.H11MO.1.A		MOUSE:Esr2	8	A	Steroid hormone receptors (NR3){2.1.1}	13983	ESR2_MOUSE
ETS1_MOUSE.H11MO.0.A		MOUSE:Ets1	14	A	Ets-related factors{3.5.2}	23871	ETS1_MOUSE
ETS2_MOUSE.H11MO.0.A		MOUSE:Ets2	13	A		23872	ETS2_MOUSE
ETV2_MOUSE.H11MO.0.A		MOUSE:Etv2	16	A	Ets-related factors{3.5.2}	14008	ETV2_MOUSE
ETV4_MOUSE.H11MO.0.B		MOUSE:Etv4	8	B	Ets-related factors{3.5.2}	18612	ETV4_MOUSE
ETV5_MOUSE.H11MO.0.D		MOUSE:Etv5	14	D	Ets-related factors{3.5.2}	104156	ETV5_MOUSE
ETV6_MOUSE.H11MO.0.C		MOUSE:Etv6	9	C	Ets-related factors{3.5.2}	14011	ETV6_MOUSE
EVI1_MOUSE.H11MO.0.B		MOUSE:Mecom	16	B	Factors with multiple dispersed zinc fingers{2.3.4}		EVI1_MOUSE
FEV_MOUSE.H11MO.0.B		MOUSE:Fev	10	B	Ets-related factors{3.5.2}	260298	FEV_MOUSE
FLI1_MOUSE.H11MO.0.A		MOUSE:Fli1	14	A	Ets-related factors{3.5.2}	14247	FLI1_MOUSE
FLI1_MOUSE.H11MO.1.A		MOUSE:Fli1	19	A	Ets-related factors{3.5.2}	14247	FLI1_MOUSE
FOSB_MOUSE.H11MO.0.A		MOUSE:Fosb	9	A	Fos-related factors{1.1.2}	14282	FOSB_MOUSE
FOSL1_MOUSE.H11MO.0.A		MOUSE:Fosl1	12	A	Fos-related factors{1.1.2}	14283	FOSL1_MOUSE
FOSL2_MOUSE.H11MO.0.A		MOUSE:Fosl2	11	A	Fos-related factors{1.1.2}	14284	FOSL2_MOUSE
FOS_MOUSE.H11MO.0.A		MOUSE:Fos	12	A	Fos-related factors{1.1.2}	14281	FOS_MOUSE
FOXA1_MOUSE.H11MO.0.A		MOUSE:Foxa1	10	A	Forkhead box (FOX) factors{3.3.1}	15375	FOXA1_MOUSE
FOXA2_MOUSE.H11MO.0.A		MOUSE:Foxa2	13	A	Forkhead box (FOX) factors{3.3.1}	15376	FOXA2_MOUSE
FOXA3_MOUSE.H11MO.0.A		MOUSE:Foxa3	13	A	Forkhead box (FOX) factors{3.3.1}	15377	FOXA3_MOUSE
FOXC1_MOUSE.H11MO.0.C		MOUSE:Foxc1	15	C	Forkhead box (FOX) factors{3.3.1}	17300	FOXC1_MOUSE
FOXC2_MOUSE.H11MO.0.D		MOUSE:Foxc2	15	D	Forkhead box (FOX) factors{3.3.1}	14234	FOXC2_MOUSE
FOXD1_MOUSE.H11MO.0.D		MOUSE:Foxd1	15	D		15229	FOXD1_MOUSE
FOXD3_MOUSE.H11MO.0.C		MOUSE:Foxd3	15	C	Forkhead box (FOX) factors{3.3.1}	15221	FOXD3_MOUSE
FOXF1_MOUSE.H11MO.0.D		MOUSE:Foxf1	11	D	Forkhead box (FOX) factors{3.3.1}	15227	FOXF1_MOUSE
FOXF2_MOUSE.H11MO.0.D		MOUSE:Foxf2	11	D	Forkhead box (FOX) factors{3.3.1}	14238	FOXF2_MOUSE
FOXI1_MOUSE.H11MO.0.B		MOUSE:Foxi1	12	B	Forkhead box (FOX) factors{3.3.1}	14233	FOXI1_MOUSE
FOXJ2_MOUSE.H11MO.0.C		MOUSE:Foxj2	10	C	Forkhead box (FOX) factors{3.3.1}	60611	FOXJ2_MOUSE
FOXJ3_MOUSE.H11MO.0.A		MOUSE:Foxj3	13	A	Forkhead box (FOX) factors{3.3.1}	230700	FOXJ3_MOUSE
FOXJ3_MOUSE.H11MO.1.B		MOUSE:Foxj3	13	B	Forkhead box (FOX) factors{3.3.1}	230700	FOXJ3_MOUSE
FOXK1_MOUSE.H11MO.0.A		MOUSE:Foxk1	11	A	Forkhead box (FOX) factors{3.3.1}	17425	FOXK1_MOUSE
FOXL2_MOUSE.H11MO.0.C		MOUSE:Foxl2	11	C	Forkhead box (FOX) factors{3.3.1}	26927	FOXL2_MOUSE
FOXM1_MOUSE.H11MO.0.B		MOUSE:Foxm1	12	B	Forkhead box (FOX) factors{3.3.1}		FOXM1_MOUSE
FOXO1_MOUSE.H11MO.0.A		MOUSE:Foxo1	10	A	Forkhead box (FOX) factors{3.3.1}	56458	FOXO1_MOUSE
FOXO3_MOUSE.H11MO.0.B		MOUSE:Foxo3	10	B	Forkhead box (FOX) factors{3.3.1}	56484	FOXO3_MOUSE
FOXO4_MOUSE.H11MO.0.C		MOUSE:Foxo4	9	C	Forkhead box (FOX) factors{3.3.1}	54601	FOXO4_MOUSE
FOXP2_MOUSE.H11MO.0.A		MOUSE:Foxp2	9	A	Forkhead box (FOX) factors{3.3.1}	114142	FOXP2_MOUSE
FOXP3_MOUSE.H11MO.0.D		MOUSE:Foxp3	9	D	Forkhead box (FOX) factors{3.3.1}	20371	FOXP3_MOUSE
FOXQ1_MOUSE.H11MO.0.C		MOUSE:Foxq1	12	C	Forkhead box (FOX) factors{3.3.1}	15220	FOXQ1_MOUSE
FUBP1_MOUSE.H11MO.0.D		MOUSE:Fubp1	12	D		51886	FUBP1_MOUSE
GABPA_MOUSE.H11MO.0.A		MOUSE:Gabpa	14	A	Ets-related factors{3.5.2}	14390	GABPA_MOUSE
GATA1_MOUSE.H11MO.0.A		MOUSE:Gata1	19	A	GATA-type zinc fingers{2.2.1}	14460	GATA1_MOUSE
GATA1_MOUSE.H11MO.1.A		MOUSE:Gata1	11	A	GATA-type zinc fingers{2.2.1}	14460	GATA1_MOUSE
GATA2_MOUSE.H11MO.0.A		MOUSE:Gata2	11	A	GATA-type zinc fingers{2.2.1}	14461	GATA2_MOUSE
GATA3_MOUSE.H11MO.0.A		MOUSE:Gata3	13	A	GATA-type zinc fingers{2.2.1}	14462	GATA3_MOUSE
GATA4_MOUSE.H11MO.0.A		MOUSE:Gata4	10	A	GATA-type zinc fingers{2.2.1}	14463	GATA4_MOUSE
GATA5_MOUSE.H11MO.0.D		MOUSE:Gata5	17	D	GATA-type zinc fingers{2.2.1}	14464	GATA5_MOUSE
GATA6_MOUSE.H11MO.0.A		MOUSE:Gata6	10	A	GATA-type zinc fingers{2.2.1}	14465	GATA6_MOUSE
GCM1_MOUSE.H11MO.0.D		MOUSE:Gcm1	14	D	GCM factors{7.2.1}	14531	GCM1_MOUSE
GCR_MOUSE.H11MO.0.A		MOUSE:Nr3c1	15	A	Steroid hormone receptors (NR3){2.1.1}		GCR_MOUSE
GCR_MOUSE.H11MO.1.A		MOUSE:Nr3c1	12	A	Steroid hormone receptors (NR3){2.1.1}		GCR_MOUSE
GFI1B_MOUSE.H11MO.0.A		MOUSE:Gfi1b	10	A	More than 3 adjacent zinc finger factors{2.3.3}	14582	GFI1B_MOUSE
GFI1_MOUSE.H11MO.0.C		MOUSE:Gfi1	10	C	More than 3 adjacent zinc finger factors{2.3.3}	14581	GFI1_MOUSE
GLI1_MOUSE.H11MO.0.C		MOUSE:Gli1	12	C	More than 3 adjacent zinc finger factors{2.3.3}	14632	GLI1_MOUSE
GLI2_MOUSE.H11MO.0.D		MOUSE:Gli2	11	D	More than 3 adjacent zinc finger factors{2.3.3}	14633	GLI2_MOUSE
GLI3_MOUSE.H11MO.0.D		MOUSE:Gli3	12	D	More than 3 adjacent zinc finger factors{2.3.3}	14634	GLI3_MOUSE
GLIS3_MOUSE.H11MO.0.D		MOUSE:Glis3	10	D	More than 3 adjacent zinc finger factors{2.3.3}	226075	GLIS3_MOUSE
GRHL2_MOUSE.H11MO.0.A		MOUSE:Grhl2	12	A	Grainyhead-related factors{6.7.1}	252973	GRHL2_MOUSE
HAND1_MOUSE.H11MO.0.C		MOUSE:Hand1	17	C	Tal-related factors{1.2.3}	15110	HAND1_MOUSE
HAND1_MOUSE.H11MO.1.C		MOUSE:Hand1	7	C	Tal-related factors{1.2.3}	15110	HAND1_MOUSE
HBP1_MOUSE.H11MO.0.D		MOUSE:Hbp1	9	D	SOX-related factors{4.1.1}	73389	HBP1_MOUSE
HEN1_MOUSE.H11MO.0.C		MOUSE:Nhlh1	20	C	Tal-related factors{1.2.3}	18071	HEN1_MOUSE
HES1_MOUSE.H11MO.0.D		MOUSE:Hes1	13	D	Hairy-related factors{1.2.4}	15205	HES1_MOUSE
HESX1_MOUSE.H11MO.0.D		MOUSE:Hesx1	16	D	Paired-related HD factors{3.1.3}	15209	HESX1_MOUSE
HEY2_MOUSE.H11MO.0.D		MOUSE:Hey2	17	D	Hairy-related factors{1.2.4}	15214	HEY2_MOUSE
HIC1_MOUSE.H11MO.0.C		MOUSE:Hic1	9	C	Factors with multiple dispersed zinc fingers{2.3.4}	15248	HIC1_MOUSE
HIF1A_MOUSE.H11MO.0.C		MOUSE:Hif1a	8	C	PAS domain factors{1.2.5}	15251	HIF1A_MOUSE
HINFP_MOUSE.H11MO.0.C		MOUSE:Hinfp	16	C	Factors with multiple dispersed zinc fingers{2.3.4}	102423	HINFP_MOUSE
HLF_MOUSE.H11MO.0.C		MOUSE:Hlf	11	C	C/EBP-related{1.1.8}	217082	HLF_MOUSE
HLTF_MOUSE.H11MO.0.D		MOUSE:Hltf	12	D		20585	HLTF_MOUSE
HMGA1_MOUSE.H11MO.0.D		MOUSE:Hmga1	7	D	HMGA factors{8.2.1}	111241; 15361	HMGA1_MOUSE
HMGA2_MOUSE.H11MO.0.D		MOUSE:Hmga2	15	D	HMGA factors{8.2.1}	15364	HMGA2_MOUSE
HNF1A_MOUSE.H11MO.0.A		MOUSE:Hnf1a	15	A	POU domain factors{3.1.10}	21405	HNF1A_MOUSE
HNF1B_MOUSE.H11MO.0.A		MOUSE:Hnf1b	15	A	POU domain factors{3.1.10}	21410	HNF1B_MOUSE
HNF1B_MOUSE.H11MO.1.A		MOUSE:Hnf1b	13	A	POU domain factors{3.1.10}	21410	HNF1B_MOUSE
HNF4A_MOUSE.H11MO.0.A		MOUSE:Hnf4a	14	A	RXR-related receptors (NR2){2.1.3}	15378	HNF4A_MOUSE
HNF4G_MOUSE.H11MO.0.C		MOUSE:Hnf4g	14	C	RXR-related receptors (NR2){2.1.3}	30942	HNF4G_MOUSE
HNF6_MOUSE.H11MO.0.A		MOUSE:Onecut1	11	A	HD-CUT factors{3.1.9}	15379	HNF6_MOUSE
HSF1_MOUSE.H11MO.0.A		MOUSE:Hsf1	15	A	HSF factors{3.4.1}	15499	HSF1_MOUSE
HSF1_MOUSE.H11MO.1.A		MOUSE:Hsf1	9	A	HSF factors{3.4.1}	15499	HSF1_MOUSE
HSF2_MOUSE.H11MO.0.A		MOUSE:Hsf2	14	A	HSF factors{3.4.1}	15500	HSF2_MOUSE
HTF4_MOUSE.H11MO.0.A		MOUSE:Tcf12	10	A	E2A-related factors{1.2.1}	21406	HTF4_MOUSE
HXA10_MOUSE.H11MO.0.C		MOUSE:Hoxa10	12	C	HOX-related factors{3.1.1}	15395	HXA10_MOUSE
HXA13_MOUSE.H11MO.0.C		MOUSE:Hoxa13	11	C	HOX-related factors{3.1.1}	15398	HXA13_MOUSE
HXA1_MOUSE.H11MO.0.C		MOUSE:Hoxa1	10	C	HOX-related factors{3.1.1}		HXA1_MOUSE
HXA5_MOUSE.H11MO.0.D		MOUSE:Hoxa5	10	D	HOX-related factors{3.1.1}	15402	HXA5_MOUSE
HXA7_MOUSE.H11MO.0.D		MOUSE:Hoxa7	15	D	HOX-related factors{3.1.1}	15404	HXA7_MOUSE
HXA9_MOUSE.H11MO.0.B		MOUSE:Hoxa9	11	B	HOX-related factors{3.1.1}	15405	HXA9_MOUSE
HXB1_MOUSE.H11MO.0.D		MOUSE:Hoxb1	10	D	HOX-related factors{3.1.1}	15407	HXB1_MOUSE
HXB4_MOUSE.H11MO.0.A		MOUSE:Hoxb4	8	A	HOX-related factors{3.1.1}	15412	HXB4_MOUSE
HXB6_MOUSE.H11MO.0.D		MOUSE:Hoxb6	13	D	HOX-related factors{3.1.1}	15414	HXB6_MOUSE
HXB7_MOUSE.H11MO.0.C		MOUSE:Hoxb7	10	C	HOX-related factors{3.1.1}	15415	HXB7_MOUSE
HXB8_MOUSE.H11MO.0.C		MOUSE:Hoxb8	11	C	HOX-related factors{3.1.1}	15416	HXB8_MOUSE
HXC6_MOUSE.H11MO.0.D		MOUSE:Hoxc6	15	D	HOX-related factors{3.1.1}	15425	HXC6_MOUSE
HXC8_MOUSE.H11MO.0.D		MOUSE:Hoxc8	14	D	HOX-related factors{3.1.1}	15426	HXC8_MOUSE
HXC9_MOUSE.H11MO.0.A		MOUSE:Hoxc9	12	A	HOX-related factors{3.1.1}	15427	HXC9_MOUSE
HXD10_MOUSE.H11MO.0.D		MOUSE:Hoxd10	10	D	HOX-related factors{3.1.1}	15430	HXD10_MOUSE
HXD13_MOUSE.H11MO.0.D		MOUSE:Hoxd13	11	D	HOX-related factors{3.1.1}	15433	HXD13_MOUSE
HXD4_MOUSE.H11MO.0.D		MOUSE:Hoxd4	8	D	HOX-related factors{3.1.1}	15436	HXD4_MOUSE
HXD9_MOUSE.H11MO.0.D		MOUSE:Hoxd9	10	D	HOX-related factors{3.1.1}	15438	HXD9_MOUSE
IKZF1_MOUSE.H11MO.0.C		MOUSE:Ikzf1	8	C	Factors with multiple dispersed zinc fingers{2.3.4}		IKZF1_MOUSE
INSM1_MOUSE.H11MO.0.C		MOUSE:Insm1	12	C	Factors with multiple dispersed zinc fingers{2.3.4}	53626	INSM1_MOUSE
IRF1_MOUSE.H11MO.0.A		MOUSE:Irf1	20	A	Interferon-regulatory factors{3.5.3}	16362	IRF1_MOUSE
IRF2_MOUSE.H11MO.0.B		MOUSE:Irf2	20	B	Interferon-regulatory factors{3.5.3}	16363	IRF2_MOUSE
IRF3_MOUSE.H11MO.0.A		MOUSE:Irf3	20	A	Interferon-regulatory factors{3.5.3}	54131	IRF3_MOUSE
IRF4_MOUSE.H11MO.0.A		MOUSE:Irf4	18	A	Interferon-regulatory factors{3.5.3}	16364	IRF4_MOUSE
IRF5_MOUSE.H11MO.0.D		MOUSE:Irf5	20	D	Interferon-regulatory factors{3.5.3}	27056	IRF5_MOUSE
IRF7_MOUSE.H11MO.0.C		MOUSE:Irf7	10	C	Interferon-regulatory factors{3.5.3}	54123	IRF7_MOUSE
IRF8_MOUSE.H11MO.0.A		MOUSE:Irf8	20	A	Interferon-regulatory factors{3.5.3}	15900	IRF8_MOUSE
IRF9_MOUSE.H11MO.0.C		MOUSE:Irf9	12	C	Interferon-regulatory factors{3.5.3}	16391	IRF9_MOUSE
ISL1_MOUSE.H11MO.0.A		MOUSE:Isl1	9	A	HD-LIM factors{3.1.5}	16392	ISL1_MOUSE
ITF2_MOUSE.H11MO.0.B		MOUSE:Tcf4	9	B	E2A-related factors{1.2.1}	21413	ITF2_MOUSE
JUNB_MOUSE.H11MO.0.A		MOUSE:Junb	9	A	Jun-related factors{1.1.1}	16477	JUNB_MOUSE
JUND_MOUSE.H11MO.0.A		MOUSE:Jund	11	A	Jun-related factors{1.1.1}	16478	JUND_MOUSE
JUN_MOUSE.H11MO.0.A		MOUSE:Jun	10	A	Jun-related factors{1.1.1}	16476	JUN_MOUSE
KAISO_MOUSE.H11MO.0.B		MOUSE:Zbtb33	15	B	Other factors with up to three adjacent zinc fingers{2.3.2}	56805	KAISO_MOUSE
KAISO_MOUSE.H11MO.1.B		MOUSE:Zbtb33	11	B	Other factors with up to three adjacent zinc fingers{2.3.2}	56805	KAISO_MOUSE
KAISO_MOUSE.H11MO.2.B		MOUSE:Zbtb33	12	B	Other factors with up to three adjacent zinc fingers{2.3.2}	56805	KAISO_MOUSE
KLF15_MOUSE.H11MO.0.A		MOUSE:Klf15	19	A	Three-zinc finger Krüppel-related factors{2.3.1}	66277	KLF15_MOUSE
KLF1_MOUSE.H11MO.0.A		MOUSE:Klf1	14	A	Three-zinc finger Krüppel-related factors{2.3.1}		KLF1_MOUSE
KLF3_MOUSE.H11MO.0.A		MOUSE:Klf3	19	A	Three-zinc finger Krüppel-related factors{2.3.1}	16599	KLF3_MOUSE
KLF4_MOUSE.H11MO.0.A		MOUSE:Klf4	15	A	Three-zinc finger Krüppel-related factors{2.3.1}	16600	KLF4_MOUSE
KLF5_MOUSE.H11MO.0.A		MOUSE:Klf5	15	A	Three-zinc finger Krüppel-related factors{2.3.1}	12224	KLF5_MOUSE
KLF6_MOUSE.H11MO.0.B		MOUSE:Klf6	19	B	Three-zinc finger Krüppel-related factors{2.3.1}		KLF6_MOUSE
KLF8_MOUSE.H11MO.0.C		MOUSE:Klf8	9	C	Three-zinc finger Krüppel-related factors{2.3.1}	245671	KLF8_MOUSE
LEF1_MOUSE.H11MO.0.B		MOUSE:Lef1	14	B	TCF-7-related factors{4.1.3}	16842	LEF1_MOUSE
LHX2_MOUSE.H11MO.0.A		MOUSE:Lhx2	10	A	HD-LIM factors{3.1.5}	16870	LHX2_MOUSE
LHX3_MOUSE.H11MO.0.C		MOUSE:Lhx3	9	C	HD-LIM factors{3.1.5}	16871	LHX3_MOUSE
LHX6_MOUSE.H11MO.0.C		MOUSE:Lhx6	9	C	HD-LIM factors{3.1.5}	16874	LHX6_MOUSE
LYL1_MOUSE.H11MO.0.A		MOUSE:Lyl1	14	A	Tal-related factors{1.2.3}	17095	LYL1_MOUSE
MAFA_MOUSE.H11MO.0.D		MOUSE:Mafa	13	D	Maf-related factors{1.1.3}	378435	MAFA_MOUSE
MAFB_MOUSE.H11MO.0.B		MOUSE:Mafb	11	B	Maf-related factors{1.1.3}	16658	MAFB_MOUSE
MAFF_MOUSE.H11MO.0.A		MOUSE:Maff	22	A	Maf-related factors{1.1.3}	17133	MAFF_MOUSE
MAFF_MOUSE.H11MO.1.A		MOUSE:Maff	10	A	Maf-related factors{1.1.3}	17133	MAFF_MOUSE
MAFG_MOUSE.H11MO.0.A		MOUSE:Mafg	18	A	Maf-related factors{1.1.3}	17134	MAFG_MOUSE
MAFG_MOUSE.H11MO.1.A		MOUSE:Mafg	8	A	Maf-related factors{1.1.3}	17134	MAFG_MOUSE
MAFK_MOUSE.H11MO.0.A		MOUSE:Mafk	20	A	Maf-related factors{1.1.3}	17135	MAFK_MOUSE
MAFK_MOUSE.H11MO.1.A		MOUSE:Mafk	13	A	Maf-related factors{1.1.3}	17135	MAFK_MOUSE
MAF_MOUSE.H11MO.0.A		MOUSE:Maf	17	A	Maf-related factors{1.1.3}	17132	MAF_MOUSE
MAF_MOUSE.H11MO.1.A		MOUSE:Maf	9	A	Maf-related factors{1.1.3}	17132	MAF_MOUSE
MAX_MOUSE.H11MO.0.A		MOUSE:Max	11	A	bHLH-ZIP factors{1.2.6}		MAX_MOUSE
MAZ_MOUSE.H11MO.0.A		MOUSE:Maz	22	A	Factors with multiple dispersed zinc fingers{2.3.4}		MAZ_MOUSE
MAZ_MOUSE.H11MO.1.A		MOUSE:Maz	11	A	Factors with multiple dispersed zinc fingers{2.3.4}		MAZ_MOUSE
MBD2_MOUSE.H11MO.0.B		MOUSE:Mbd2	11	B		17191	MBD2_MOUSE
MCR_MOUSE.H11MO.0.D		MOUSE:Nr3c2	17	D	Steroid hormone receptors (NR3){2.1.1}		MCR_MOUSE
MECP2_MOUSE.H11MO.0.C		MOUSE:Mecp2	7	C		17257	MECP2_MOUSE
MEF2A_MOUSE.H11MO.0.A		MOUSE:Mef2a	14	A	Regulators of differentiation{5.1.1}	17258	MEF2A_MOUSE
MEF2C_MOUSE.H11MO.0.A		MOUSE:Mef2c	15	A	Regulators of differentiation{5.1.1}	17260	MEF2C_MOUSE
MEF2D_MOUSE.H11MO.0.A		MOUSE:Mef2d	14	A	Regulators of differentiation{5.1.1}	17261	MEF2D_MOUSE
MEIS1_MOUSE.H11MO.0.A		MOUSE:Meis1	12	A	TALE-type homeo domain factors{3.1.4}	17268	MEIS1_MOUSE
MEIS1_MOUSE.H11MO.1.A		MOUSE:Meis1	12	A	TALE-type homeo domain factors{3.1.4}	17268	MEIS1_MOUSE
MEIS2_MOUSE.H11MO.0.B		MOUSE:Meis2	13	B	TALE-type homeo domain factors{3.1.4}	17536	MEIS2_MOUSE
MITF_MOUSE.H11MO.0.A		MOUSE:Mitf	10	A	bHLH-ZIP factors{1.2.6}	17342	MITF_MOUSE
MLXPL_MOUSE.H11MO.0.D		MOUSE:Mlxipl	19	D	bHLH-ZIP factors{1.2.6}	58805	MLXPL_MOUSE
MSGN1_MOUSE.H11MO.0.C		MOUSE:Msgn1	12	C	Tal-related factors{1.2.3}	56184	MSGN1_MOUSE
MSX2_MOUSE.H11MO.0.D		MOUSE:Msx2	7	D	NK-related factors{3.1.2}	17702	MSX2_MOUSE
MSX3_MOUSE.H11MO.0.D		MOUSE:Msx3	17	D		17703	MSX3_MOUSE
MTF1_MOUSE.H11MO.0.C		MOUSE:Mtf1	17	C	More than 3 adjacent zinc finger factors{2.3.3}	17764	MTF1_MOUSE
MXI1_MOUSE.H11MO.0.A		MOUSE:Mxi1	15	A	bHLH-ZIP factors{1.2.6}	17859	MXI1_MOUSE
MXI1_MOUSE.H11MO.1.A		MOUSE:Mxi1	8	A	bHLH-ZIP factors{1.2.6}	17859	MXI1_MOUSE
MYBA_MOUSE.H11MO.0.C		MOUSE:Mybl1	15	C	Myb/SANT domain factors{3.5.1}	17864	MYBA_MOUSE
MYBB_MOUSE.H11MO.0.D		MOUSE:Mybl2	10	D	Myb/SANT domain factors{3.5.1}	17865	MYBB_MOUSE
MYB_MOUSE.H11MO.0.A		MOUSE:Myb	12	A	Myb/SANT domain factors{3.5.1}	17863	MYB_MOUSE
MYCN_MOUSE.H11MO.0.A		MOUSE:Mycn	8	A	bHLH-ZIP factors{1.2.6}	18109	MYCN_MOUSE
MYC_MOUSE.H11MO.0.A		MOUSE:Myc	12	A	bHLH-ZIP factors{1.2.6}	17869	MYC_MOUSE
MYF5_MOUSE.H11MO.0.D		MOUSE:Myf5	11	D	MyoD / ASC-related factors{1.2.2}	17877	MYF5_MOUSE
MYF6_MOUSE.H11MO.0.C		MOUSE:Myf6	7	C	MyoD / ASC-related factors{1.2.2}	17878	MYF6_MOUSE
MYOD1_MOUSE.H11MO.0.A		MOUSE:Myod1	15	A	MyoD / ASC-related factors{1.2.2}	17927	MYOD1_MOUSE
MYOD1_MOUSE.H11MO.1.A		MOUSE:Myod1	11	A	MyoD / ASC-related factors{1.2.2}	17927	MYOD1_MOUSE
MYOG_MOUSE.H11MO.0.A		MOUSE:Myog	13	A	MyoD / ASC-related factors{1.2.2}	17928	MYOG_MOUSE
NANOG_MOUSE.H11MO.0.A		MOUSE:Nanog	17	A	NK-related factors{3.1.2}	71950	NANOG_MOUSE
NANOG_MOUSE.H11MO.1.A		MOUSE:Nanog	11	A	NK-related factors{3.1.2}	71950	NANOG_MOUSE
NDF1_MOUSE.H11MO.0.A		MOUSE:Neurod1	10	A	Tal-related factors{1.2.3}	18012	NDF1_MOUSE
NDF2_MOUSE.H11MO.0.A		MOUSE:Neurod2	10	A	Tal-related factors{1.2.3}	18013	NDF2_MOUSE
NF2L1_MOUSE.H11MO.0.C		MOUSE:Nfe2l1	7	C	Jun-related factors{1.1.1}	18023	NF2L1_MOUSE
NF2L2_MOUSE.H11MO.0.A		MOUSE:Nfe2l2	14	A	Jun-related factors{1.1.1}	18024	NF2L2_MOUSE
NFAC1_MOUSE.H11MO.0.A		MOUSE:Nfatc1	15	A	NFAT-related factors{6.1.3}		NFAC1_MOUSE
NFAC1_MOUSE.H11MO.1.A		MOUSE:Nfatc1	11	A	NFAT-related factors{6.1.3}		NFAC1_MOUSE
NFAC2_MOUSE.H11MO.0.C		MOUSE:Nfatc2	9	C	NFAT-related factors{6.1.3}	18019	NFAC2_MOUSE
NFAC2_MOUSE.H11MO.1.C		MOUSE:Nfatc2	7	C	NFAT-related factors{6.1.3}	18019	NFAC2_MOUSE
NFAC3_MOUSE.H11MO.0.B		MOUSE:Nfatc3	9	B	NFAT-related factors{6.1.3}		NFAC3_MOUSE
NFAC4_MOUSE.H11MO.0.C		MOUSE:Nfatc4	10	C	NFAT-related factors{6.1.3}	73181	NFAC4_MOUSE
NFAT5_MOUSE.H11MO.0.D		MOUSE:Nfat5	15	D	NFAT-related factors{6.1.3}	54446	NFAT5_MOUSE
NFE2_MOUSE.H11MO.0.A		MOUSE:Nfe2	14	A	Jun-related factors{1.1.1}	18022	NFE2_MOUSE
NFIA_MOUSE.H11MO.0.C		MOUSE:Nfia	15	C	Nuclear factor 1{7.1.2}	18027	NFIA_MOUSE
NFIA_MOUSE.H11MO.1.D		MOUSE:Nfia	7	D	Nuclear factor 1{7.1.2}	18027	NFIA_MOUSE
NFIB_MOUSE.H11MO.0.C		MOUSE:Nfib	9	C	Nuclear factor 1{7.1.2}	18028	NFIB_MOUSE
NFIC_MOUSE.H11MO.0.A		MOUSE:Nfic	9	A	Nuclear factor 1{7.1.2}	18029	NFIC_MOUSE
NFIC_MOUSE.H11MO.1.A		MOUSE:Nfic	15	A	Nuclear factor 1{7.1.2}	18029	NFIC_MOUSE
NFIL3_MOUSE.H11MO.0.C		MOUSE:Nfil3	11	C	C/EBP-related{1.1.8}	18030	NFIL3_MOUSE
NFKB1_MOUSE.H11MO.0.A		MOUSE:Nfkb1	11	A	NF-kappaB-related factors{6.1.1}	18033	NFKB1_MOUSE
NFKB2_MOUSE.H11MO.0.C		MOUSE:Nfkb2	11	C	NF-kappaB-related factors{6.1.1}	18034	NFKB2_MOUSE
NFYA_MOUSE.H11MO.0.A		MOUSE:Nfya	14	A	Heteromeric CCAAT-binding factors{4.2.1}	18044	NFYA_MOUSE
NFYB_MOUSE.H11MO.0.A		MOUSE:Nfyb	13	A	Heteromeric CCAAT-binding factors{4.2.1}	18045	NFYB_MOUSE
NFYC_MOUSE.H11MO.0.B		MOUSE:Nfyc	14	B	Heteromeric CCAAT-binding factors{4.2.1}	18046	NFYC_MOUSE
NGN2_MOUSE.H11MO.0.C		MOUSE:Neurog2	12	C	Tal-related factors{1.2.3}	11924	NGN2_MOUSE
NKX21_MOUSE.H11MO.0.A		MOUSE:Nkx2-1	10	A	NK-related factors{3.1.2}	21869	NKX21_MOUSE
NKX22_MOUSE.H11MO.0.A		MOUSE:Nkx2-2	11	A	NK-related factors{3.1.2}	18088	NKX22_MOUSE
NKX25_MOUSE.H11MO.0.A		MOUSE:Nkx2-5	10	A	NK-related factors{3.1.2}	18091	NKX25_MOUSE
NKX28_MOUSE.H11MO.0.C		MOUSE:Nkx2-8	9	C	NK-related factors{3.1.2}	18094	NKX28_MOUSE
NKX31_MOUSE.H11MO.0.C		MOUSE:Nkx3-1	12	C	NK-related factors{3.1.2}	18095	NKX31_MOUSE
NKX32_MOUSE.H11MO.0.B		MOUSE:Nkx3-2	10	B	NK-related factors{3.1.2}	12020	NKX32_MOUSE
NKX61_MOUSE.H11MO.0.A		MOUSE:Nkx6-1	19	A	NK-related factors{3.1.2}	18096	NKX61_MOUSE
NKX61_MOUSE.H11MO.1.A		MOUSE:Nkx6-1	9	A	NK-related factors{3.1.2}	18096	NKX61_MOUSE
NOBOX_MOUSE.H11MO.0.C		MOUSE:Nobox	9	C		18291	NOBOX_MOUSE
NR0B1_MOUSE.H11MO.0.D		MOUSE:Nr0b1	10	D	DAX-related receptors (NR0){2.1.7}	11614	NR0B1_MOUSE
NR1D1_MOUSE.H11MO.0.A		MOUSE:Nr1d1	19	A	Thyroid hormone receptor-related factors (NR1){2.1.2}	217166	NR1D1_MOUSE
NR1D1_MOUSE.H11MO.1.C		MOUSE:Nr1d1	14	C	Thyroid hormone receptor-related factors (NR1){2.1.2}	217166	NR1D1_MOUSE
NR1D2_MOUSE.H11MO.0.A		MOUSE:Nr1d2	19	A	Thyroid hormone receptor-related factors (NR1){2.1.2}	353187	NR1D2_MOUSE
NR1H2_MOUSE.H11MO.0.D		MOUSE:Nr1h2	19	D	Thyroid hormone receptor-related factors (NR1){2.1.2}	22260	NR1H2_MOUSE
NR1H3_MOUSE.H11MO.0.A		MOUSE:Nr1h3	15	A	Thyroid hormone receptor-related factors (NR1){2.1.2}	22259	NR1H3_MOUSE
NR1H3_MOUSE.H11MO.1.A		MOUSE:Nr1h3	19	A	Thyroid hormone receptor-related factors (NR1){2.1.2}	22259	NR1H3_MOUSE
NR1H3_MOUSE.H11MO.2.A		MOUSE:Nr1h3	10	A	Thyroid hormone receptor-related factors (NR1){2.1.2}	22259	NR1H3_MOUSE
NR1H4_MOUSE.H11MO.0.A		MOUSE:Nr1h4	19	A	Thyroid hormone receptor-related factors (NR1){2.1.2}	20186	NR1H4_MOUSE
NR1H4_MOUSE.H11MO.1.A		MOUSE:Nr1h4	8	A	Thyroid hormone receptor-related factors (NR1){2.1.2}	20186	NR1H4_MOUSE
NR1I2_MOUSE.H11MO.0.C		MOUSE:Nr1i2	19	C	Thyroid hormone receptor-related factors (NR1){2.1.2}	18171	NR1I2_MOUSE
NR1I2_MOUSE.H11MO.1.D		MOUSE:Nr1i2	8	D	Thyroid hormone receptor-related factors (NR1){2.1.2}	18171	NR1I2_MOUSE
NR1I3_MOUSE.H11MO.0.C		MOUSE:Nr1i3	18	C	Thyroid hormone receptor-related factors (NR1){2.1.2}	12355	NR1I3_MOUSE
NR1I3_MOUSE.H11MO.1.D		MOUSE:Nr1i3	8	D	Thyroid hormone receptor-related factors (NR1){2.1.2}	12355	NR1I3_MOUSE
NR2C1_MOUSE.H11MO.0.C		MOUSE:Nr2c1	13	C	RXR-related receptors (NR2){2.1.3}	22025	NR2C1_MOUSE
NR2C2_MOUSE.H11MO.0.A		MOUSE:Nr2c2	13	A	RXR-related receptors (NR2){2.1.3}	22026	NR2C2_MOUSE
NR2E3_MOUSE.H11MO.0.C		MOUSE:Nr2e3	14	C	RXR-related receptors (NR2){2.1.3}	23958	NR2E3_MOUSE
NR2F6_MOUSE.H11MO.0.D		MOUSE:Nr2f6	18	D	RXR-related receptors (NR2){2.1.3}	13864	NR2F6_MOUSE
NR4A1_MOUSE.H11MO.0.B		MOUSE:Nr4a1	9	B	NGFI-B-related receptors (NR4){2.1.4}	15370	NR4A1_MOUSE
NR4A2_MOUSE.H11MO.0.C		MOUSE:Nr4a2	9	C	NGFI-B-related receptors (NR4){2.1.4}	18227	NR4A2_MOUSE
NR4A3_MOUSE.H11MO.0.D		MOUSE:Nr4a3	10	D	NGFI-B-related receptors (NR4){2.1.4}	18124	NR4A3_MOUSE
NR5A2_MOUSE.H11MO.0.A		MOUSE:Nr5a2	11	A	FTZ-F1-related receptors (NR5){2.1.5}	26424	NR5A2_MOUSE
NR6A1_MOUSE.H11MO.0.D		MOUSE:Nr6a1	13	D	GCNF-related receptors (NR6){2.1.6}	14536	NR6A1_MOUSE
NRF1_MOUSE.H11MO.0.A		MOUSE:Nrf1	17	A	NRF{0.0.6}	18181	NRF1_MOUSE
OLIG2_MOUSE.H11MO.0.A		MOUSE:Olig2	18	A	Tal-related factors{1.2.3}	50913	OLIG2_MOUSE
OLIG2_MOUSE.H11MO.1.A		MOUSE:Olig2	10	A	Tal-related factors{1.2.3}	50913	OLIG2_MOUSE
ONEC2_MOUSE.H11MO.0.D		MOUSE:Onecut2	21	D	HD-CUT factors{3.1.9}	225631	ONEC2_MOUSE
OTX1_MOUSE.H11MO.0.D		MOUSE:Otx1	8	D	Paired-related HD factors{3.1.3}	18423	OTX1_MOUSE
OTX2_MOUSE.H11MO.0.A		MOUSE:Otx2	12	A	Paired-related HD factors{3.1.3}		OTX2_MOUSE
OVOL1_MOUSE.H11MO.0.C		MOUSE:Ovol1	9	C	More than 3 adjacent zinc finger factors{2.3.3}	18426	OVOL1_MOUSE
OVOL2_MOUSE.H11MO.0.C		MOUSE:Ovol2	8	C	More than 3 adjacent zinc finger factors{2.3.3}	107586	OVOL2_MOUSE
P53_MOUSE.H11MO.0.A		MOUSE:Tp53	20	A	p53-related factors{6.3.1}	22059	P53_MOUSE
P53_MOUSE.H11MO.1.A		MOUSE:Tp53	13	A	p53-related factors{6.3.1}	22059	P53_MOUSE
P63_MOUSE.H11MO.0.B		MOUSE:Tp63	19	B	p53-related factors{6.3.1}	22061	P63_MOUSE
P63_MOUSE.H11MO.1.B		MOUSE:Tp63	11	B	p53-related factors{6.3.1}	22061	P63_MOUSE
P73_MOUSE.H11MO.0.B		MOUSE:Tp73	19	B	p53-related factors{6.3.1}	22062	P73_MOUSE
P73_MOUSE.H11MO.1.B		MOUSE:Tp73	12	B	p53-related factors{6.3.1}	22062	P73_MOUSE
PAX2_MOUSE.H11MO.0.D		MOUSE:Pax2	18	D	Paired domain only{3.2.2}	18504	PAX2_MOUSE
PAX3_MOUSE.H11MO.0.D		MOUSE:Pax3	13	D	Paired plus homeo domain{3.2.1}	18505	PAX3_MOUSE
PAX5_MOUSE.H11MO.0.A		MOUSE:Pax5	19	A	Paired domain only{3.2.2}	18507	PAX5_MOUSE
PAX6_MOUSE.H11MO.0.C		MOUSE:Pax6	12	C	Paired plus homeo domain{3.2.1}	18508	PAX6_MOUSE
PAX8_MOUSE.H11MO.0.D		MOUSE:Pax8	14	D	Paired domain only{3.2.2}	18510	PAX8_MOUSE
PBX1_MOUSE.H11MO.0.A		MOUSE:Pbx1	11	A	TALE-type homeo domain factors{3.1.4}	18514	PBX1_MOUSE
PBX1_MOUSE.H11MO.1.A		MOUSE:Pbx1	13	A	TALE-type homeo domain factors{3.1.4}	18514	PBX1_MOUSE
PBX1_MOUSE.H11MO.2.C		MOUSE:Pbx1	15	C	TALE-type homeo domain factors{3.1.4}	18514	PBX1_MOUSE
PBX2_MOUSE.H11MO.0.C		MOUSE:Pbx2	15	C	TALE-type homeo domain factors{3.1.4}	18515	PBX2_MOUSE
PBX3_MOUSE.H11MO.0.A		MOUSE:Pbx3	14	A	TALE-type homeo domain factors{3.1.4}	18516	PBX3_MOUSE
PDX1_MOUSE.H11MO.0.B		MOUSE:Pdx1	9	B	HOX-related factors{3.1.1}	18609	PDX1_MOUSE
PEBB_MOUSE.H11MO.0.C		MOUSE:Cbfb	11	C		12400	PEBB_MOUSE
PIT1_MOUSE.H11MO.0.C		MOUSE:Pou1f1	13	C	POU domain factors{3.1.10}	18736	PIT1_MOUSE
PITX1_MOUSE.H11MO.0.C		MOUSE:Pitx1	10	C	Paired-related HD factors{3.1.3}	18740	PITX1_MOUSE
PITX2_MOUSE.H11MO.0.D		MOUSE:Pitx2	10	D	Paired-related HD factors{3.1.3}	18741	PITX2_MOUSE
PKNX1_MOUSE.H11MO.0.A		MOUSE:Pknox1	11	A	TALE-type homeo domain factors{3.1.4}	18771	PKNX1_MOUSE
PLAG1_MOUSE.H11MO.0.D		MOUSE:Plag1	17	D	More than 3 adjacent zinc finger factors{2.3.3}	56711	PLAG1_MOUSE
PO2F1_MOUSE.H11MO.0.C		MOUSE:Pou2f1	16	C	POU domain factors{3.1.10}	18986	PO2F1_MOUSE
PO2F2_MOUSE.H11MO.0.B		MOUSE:Pou2f2	11	B	POU domain factors{3.1.10}	18987	PO2F2_MOUSE
PO3F1_MOUSE.H11MO.0.C		MOUSE:Pou3f1	16	C	POU domain factors{3.1.10}	18991	PO3F1_MOUSE
PO3F2_MOUSE.H11MO.0.A		MOUSE:Pou3f2	16	A	POU domain factors{3.1.10}	18992	PO3F2_MOUSE
PO3F2_MOUSE.H11MO.1.A		MOUSE:Pou3f2	17	A	POU domain factors{3.1.10}	18992	PO3F2_MOUSE
PO4F2_MOUSE.H11MO.0.D		MOUSE:Pou4f2	13	D	POU domain factors{3.1.10}	18997	PO4F2_MOUSE
PO5F1_MOUSE.H11MO.0.A		MOUSE:Pou5f1	16	A	POU domain factors{3.1.10}	18999	PO5F1_MOUSE
PO5F1_MOUSE.H11MO.1.A		MOUSE:Pou5f1	9	A	POU domain factors{3.1.10}	18999	PO5F1_MOUSE
PO6F1_MOUSE.H11MO.0.D		MOUSE:Pou6f1	13	D	POU domain factors{3.1.10}	19009	PO6F1_MOUSE
PPARA_MOUSE.H11MO.0.A		MOUSE:Ppara	17	A	Thyroid hormone receptor-related factors (NR1){2.1.2}	19013	PPARA_MOUSE
PPARA_MOUSE.H11MO.1.A		MOUSE:Ppara	9	A	Thyroid hormone receptor-related factors (NR1){2.1.2}	19013	PPARA_MOUSE
PPARD_MOUSE.H11MO.0.D		MOUSE:Ppard	14	D	Thyroid hormone receptor-related factors (NR1){2.1.2}	19015	PPARD_MOUSE
PPARG_MOUSE.H11MO.0.A		MOUSE:Pparg	17	A	Thyroid hormone receptor-related factors (NR1){2.1.2}	19016	PPARG_MOUSE
PPARG_MOUSE.H11MO.1.A		MOUSE:Pparg	10	A	Thyroid hormone receptor-related factors (NR1){2.1.2}	19016	PPARG_MOUSE
PRD14_MOUSE.H11MO.0.A		MOUSE:Prdm14	16	A	More than 3 adjacent zinc finger factors{2.3.3}	383491	PRD14_MOUSE
PRD16_MOUSE.H11MO.0.B		MOUSE:Prdm16	10	B	Factors with multiple dispersed zinc fingers{2.3.4}	70673	PRD16_MOUSE
PRDM1_MOUSE.H11MO.0.A		MOUSE:Prdm1	14	A	More than 3 adjacent zinc finger factors{2.3.3}	12142	PRDM1_MOUSE
PRDM5_MOUSE.H11MO.0.A		MOUSE:Prdm5	15	A	More than 3 adjacent zinc finger factors{2.3.3}	70779	PRDM5_MOUSE
PRDM5_MOUSE.H11MO.1.A		MOUSE:Prdm5	9	A	More than 3 adjacent zinc finger factors{2.3.3}	70779	PRDM5_MOUSE
PRDM9_MOUSE.H11MO.0.C		MOUSE:Prdm9	19	C	Factors with multiple dispersed zinc fingers{2.3.4}		PRDM9_MOUSE
PRGR_MOUSE.H11MO.0.A		MOUSE:Pgr	15	A	Steroid hormone receptors (NR3){2.1.1}		PRGR_MOUSE
PRGR_MOUSE.H11MO.1.A		MOUSE:Pgr	8	A	Steroid hormone receptors (NR3){2.1.1}		PRGR_MOUSE
PROP1_MOUSE.H11MO.0.C		MOUSE:Prop1	11	C	Paired-related HD factors{3.1.3}	19127	PROP1_MOUSE
PRRX1_MOUSE.H11MO.0.D		MOUSE:Prrx1	7	D	Paired-related HD factors{3.1.3}	18933	PRRX1_MOUSE
PRRX2_MOUSE.H11MO.0.C		MOUSE:Prrx2	7	C	Paired-related HD factors{3.1.3}	20204	PRRX2_MOUSE
PTF1A_MOUSE.H11MO.0.A		MOUSE:Ptf1a	18	A	Tal-related factors{1.2.3}	19213	PTF1A_MOUSE
PTF1A_MOUSE.H11MO.1.A		MOUSE:Ptf1a	9	A	Tal-related factors{1.2.3}	19213	PTF1A_MOUSE
PURA_MOUSE.H11MO.0.D		MOUSE:Pura	17	D	PUR{0.0.5}	19290	PURA_MOUSE
RARA_MOUSE.H11MO.0.A		MOUSE:Rara	20	A	Thyroid hormone receptor-related factors (NR1){2.1.2}	19401	RARA_MOUSE
RARA_MOUSE.H11MO.1.A		MOUSE:Rara	20	A	Thyroid hormone receptor-related factors (NR1){2.1.2}	19401	RARA_MOUSE
RARA_MOUSE.H11MO.2.A		MOUSE:Rara	17	A	Thyroid hormone receptor-related factors (NR1){2.1.2}	19401	RARA_MOUSE
RARA_MOUSE.H11MO.3.A		MOUSE:Rara	12	A	Thyroid hormone receptor-related factors (NR1){2.1.2}	19401	RARA_MOUSE
RARB_MOUSE.H11MO.0.D		MOUSE:Rarb	11	D	Thyroid hormone receptor-related factors (NR1){2.1.2}	218772	RARB_MOUSE
RARG_MOUSE.H11MO.0.C		MOUSE:Rarg	18	C	Thyroid hormone receptor-related factors (NR1){2.1.2}	19411	RARG_MOUSE
RARG_MOUSE.H11MO.1.C		MOUSE:Rarg	8	C	Thyroid hormone receptor-related factors (NR1){2.1.2}	19411	RARG_MOUSE
RELB_MOUSE.H11MO.0.C		MOUSE:Relb	12	C	NF-kappaB-related factors{6.1.1}	19698	RELB_MOUSE
REL_MOUSE.H11MO.0.A		MOUSE:Rel	15	A	NF-kappaB-related factors{6.1.1}		REL_MOUSE
REST_MOUSE.H11MO.0.A		MOUSE:Rest	22	A	Factors with multiple dispersed zinc fingers{2.3.4}	19712	REST_MOUSE
RFX1_MOUSE.H11MO.0.A		MOUSE:Rfx1	22	A	RFX-related factors{3.3.3}	19724	RFX1_MOUSE
RFX1_MOUSE.H11MO.1.A		MOUSE:Rfx1	11	A	RFX-related factors{3.3.3}	19724	RFX1_MOUSE
RFX2_MOUSE.H11MO.0.A		MOUSE:Rfx2	22	A	RFX-related factors{3.3.3}	19725	RFX2_MOUSE
RFX2_MOUSE.H11MO.1.A		MOUSE:Rfx2	11	A	RFX-related factors{3.3.3}	19725	RFX2_MOUSE
RFX3_MOUSE.H11MO.0.C		MOUSE:Rfx3	16	C	RFX-related factors{3.3.3}	19726	RFX3_MOUSE
RFX3_MOUSE.H11MO.1.C		MOUSE:Rfx3	10	C	RFX-related factors{3.3.3}	19726	RFX3_MOUSE
RFX6_MOUSE.H11MO.0.C		MOUSE:Rfx6	11	C	RFX-related factors{3.3.3}	320995	RFX6_MOUSE
RFX6_MOUSE.H11MO.1.C		MOUSE:Rfx6	14	C	RFX-related factors{3.3.3}	320995	RFX6_MOUSE
RORA_MOUSE.H11MO.0.C		MOUSE:Rora	13	C	Thyroid hormone receptor-related factors (NR1){2.1.2}	19883	RORA_MOUSE
RORG_MOUSE.H11MO.0.B		MOUSE:Rorc	12	B	Thyroid hormone receptor-related factors (NR1){2.1.2}	19885	RORG_MOUSE
RREB1_MOUSE.H11MO.0.D		MOUSE:Rreb1	22	D	Factors with multiple dispersed zinc fingers{2.3.4}	68750	RREB1_MOUSE
RUNX1_MOUSE.H11MO.0.A		MOUSE:Runx1	12	A	Runt-related factors{6.4.1}		RUNX1_MOUSE
RUNX2_MOUSE.H11MO.0.A		MOUSE:Runx2	12	A	Runt-related factors{6.4.1}	12393	RUNX2_MOUSE
RUNX3_MOUSE.H11MO.0.A		MOUSE:Runx3	12	A	Runt-related factors{6.4.1}		RUNX3_MOUSE
RXRA_MOUSE.H11MO.0.A		MOUSE:Rxra	21	A	RXR-related receptors (NR2){2.1.3}	20181	RXRA_MOUSE
RXRA_MOUSE.H11MO.1.A		MOUSE:Rxra	22	A	RXR-related receptors (NR2){2.1.3}	20181	RXRA_MOUSE
RXRA_MOUSE.H11MO.2.A		MOUSE:Rxra	10	A	RXR-related receptors (NR2){2.1.3}	20181	RXRA_MOUSE
RXRB_MOUSE.H11MO.0.C		MOUSE:Rxrb	10	C	RXR-related receptors (NR2){2.1.3}	20182	RXRB_MOUSE
RXRG_MOUSE.H11MO.0.B		MOUSE:Rxrg	22	B	RXR-related receptors (NR2){2.1.3}	20183	RXRG_MOUSE
RXRG_MOUSE.H11MO.1.B		MOUSE:Rxrg	10	B	RXR-related receptors (NR2){2.1.3}	20183	RXRG_MOUSE
SALL1_MOUSE.H11MO.0.D		MOUSE:Sall1	17	D	Factors with multiple dispersed zinc fingers{2.3.4}		SALL1_MOUSE
SALL4_MOUSE.H11MO.0.A		MOUSE:Sall4	10	A	Factors with multiple dispersed zinc fingers{2.3.4}	99377	SALL4_MOUSE
SIX2_MOUSE.H11MO.0.A		MOUSE:Six2	14	A	HD-SINE factors{3.1.6}	20472	SIX2_MOUSE
SIX4_MOUSE.H11MO.0.C		MOUSE:Six4	14	C	HD-SINE factors{3.1.6}	20474	SIX4_MOUSE
SMAD1_MOUSE.H11MO.0.D		MOUSE:Smad1	12	D	SMAD factors{7.1.1}	17125	SMAD1_MOUSE
SMAD2_MOUSE.H11MO.0.A		MOUSE:Smad2	9	A	SMAD factors{7.1.1}	17126	SMAD2_MOUSE
SMAD3_MOUSE.H11MO.0.B		MOUSE:Smad3	12	B	SMAD factors{7.1.1}	17127	SMAD3_MOUSE
SMAD4_MOUSE.H11MO.0.A		MOUSE:Smad4	12	A	SMAD factors{7.1.1}	17128	SMAD4_MOUSE
SMCA5_MOUSE.H11MO.0.C		MOUSE:Smarca5	15	C	Myb/SANT domain factors{3.5.1}	93762	SMCA5_MOUSE
SNAI1_MOUSE.H11MO.0.C		MOUSE:Snai1	8	C	More than 3 adjacent zinc finger factors{2.3.3}	20613	SNAI1_MOUSE
SNAI2_MOUSE.H11MO.0.A		MOUSE:Snai2	11	A	More than 3 adjacent zinc finger factors{2.3.3}	20583	SNAI2_MOUSE
SOX10_MOUSE.H11MO.0.B		MOUSE:Sox10	16	B		20665	SOX10_MOUSE
SOX10_MOUSE.H11MO.1.A		MOUSE:Sox10	11	A		20665	SOX10_MOUSE
SOX13_MOUSE.H11MO.0.D		MOUSE:Sox13	8	D	SOX-related factors{4.1.1}	20668	SOX13_MOUSE
SOX15_MOUSE.H11MO.0.D		MOUSE:Sox15	7	D	SOX-related factors{4.1.1}	20670	SOX15_MOUSE
SOX17_MOUSE.H11MO.0.D		MOUSE:Sox17	11	D	SOX-related factors{4.1.1}	20671	SOX17_MOUSE
SOX18_MOUSE.H11MO.0.D		MOUSE:Sox18	19	D	SOX-related factors{4.1.1}	20672	SOX18_MOUSE
SOX2_MOUSE.H11MO.0.A		MOUSE:Sox2	16	A	SOX-related factors{4.1.1}	20674	SOX2_MOUSE
SOX2_MOUSE.H11MO.1.A		MOUSE:Sox2	13	A	SOX-related factors{4.1.1}	20674	SOX2_MOUSE
SOX3_MOUSE.H11MO.0.C		MOUSE:Sox3	11	C	SOX-related factors{4.1.1}		SOX3_MOUSE
SOX4_MOUSE.H11MO.0.A		MOUSE:Sox4	12	A	SOX-related factors{4.1.1}	20677	SOX4_MOUSE
SOX5_MOUSE.H11MO.0.C		MOUSE:Sox5	8	C	SOX-related factors{4.1.1}	20678	SOX5_MOUSE
SOX9_MOUSE.H11MO.0.A		MOUSE:Sox9	16	A	SOX-related factors{4.1.1}	20682	SOX9_MOUSE
SOX9_MOUSE.H11MO.1.A		MOUSE:Sox9	11	A	SOX-related factors{4.1.1}	20682	SOX9_MOUSE
SP1_MOUSE.H11MO.0.A		MOUSE:Sp1	24	A	Three-zinc finger Krüppel-related factors{2.3.1}	20683	SP1_MOUSE
SP1_MOUSE.H11MO.1.A		MOUSE:Sp1	11	A	Three-zinc finger Krüppel-related factors{2.3.1}	20683	SP1_MOUSE
SP2_MOUSE.H11MO.0.B		MOUSE:Sp2	22	B	Three-zinc finger Krüppel-related factors{2.3.1}	78912	SP2_MOUSE
SP2_MOUSE.H11MO.1.C		MOUSE:Sp2	12	C	Three-zinc finger Krüppel-related factors{2.3.1}	78912	SP2_MOUSE
SP3_MOUSE.H11MO.0.B		MOUSE:Sp3	20	B	Three-zinc finger Krüppel-related factors{2.3.1}	20687	SP3_MOUSE
SP4_MOUSE.H11MO.0.B		MOUSE:Sp4	20	B	Three-zinc finger Krüppel-related factors{2.3.1}		SP4_MOUSE
SP4_MOUSE.H11MO.1.B		MOUSE:Sp4	16	B	Three-zinc finger Krüppel-related factors{2.3.1}		SP4_MOUSE
SP5_MOUSE.H11MO.0.C		MOUSE:Sp5	24	C	Three-zinc finger Krüppel-related factors{2.3.1}	64406	SP5_MOUSE
SP5_MOUSE.H11MO.1.C		MOUSE:Sp5	13	C	Three-zinc finger Krüppel-related factors{2.3.1}	64406	SP5_MOUSE
SP7_MOUSE.H11MO.0.A		MOUSE:Sp7	14	A	Three-zinc finger Krüppel-related factors{2.3.1}	170574	SP7_MOUSE
SPI1_MOUSE.H11MO.0.A		MOUSE:Spi1	15	A	Ets-related factors{3.5.2}	20375	SPI1_MOUSE
SPIB_MOUSE.H11MO.0.A		MOUSE:Spib	17	A	Ets-related factors{3.5.2}	272382	SPIB_MOUSE
SPZ1_MOUSE.H11MO.0.D		MOUSE:Spz1	16	D		79401	SPZ1_MOUSE
SRBP1_MOUSE.H11MO.0.B		MOUSE:Srebf1	11	B	bHLH-ZIP factors{1.2.6}	20787	SRBP1_MOUSE
SRBP2_MOUSE.H11MO.0.B		MOUSE:Srebf2	13	B	bHLH-ZIP factors{1.2.6}	20788	SRBP2_MOUSE
SRF_MOUSE.H11MO.0.A		MOUSE:Srf	17	A	Responders to external signals (SRF/RLM1){5.1.2}	20807	SRF_MOUSE
SRY_MOUSE.H11MO.0.B		MOUSE:Sry	9	B	SOX-related factors{4.1.1}	21674	SRY_MOUSE
STA5A_MOUSE.H11MO.0.A		MOUSE:Stat5a	10	A	STAT factors{6.2.1}	20850	STA5A_MOUSE
STA5B_MOUSE.H11MO.0.A		MOUSE:Stat5b	12	A	STAT factors{6.2.1}	20851	STA5B_MOUSE
STAT1_MOUSE.H11MO.0.A		MOUSE:Stat1	22	A	STAT factors{6.2.1}		STAT1_MOUSE
STAT1_MOUSE.H11MO.1.A		MOUSE:Stat1	21	A	STAT factors{6.2.1}		STAT1_MOUSE
STAT2_MOUSE.H11MO.0.A		MOUSE:Stat2	19	A	STAT factors{6.2.1}		STAT2_MOUSE
STAT3_MOUSE.H11MO.0.A		MOUSE:Stat3	12	A	STAT factors{6.2.1}	20848	STAT3_MOUSE
STAT4_MOUSE.H11MO.0.A		MOUSE:Stat4	10	A	STAT factors{6.2.1}	20849	STAT4_MOUSE
STAT6_MOUSE.H11MO.0.A		MOUSE:Stat6	14	A	STAT factors{6.2.1}	20852	STAT6_MOUSE
STF1_MOUSE.H11MO.0.B		MOUSE:Nr5a1	11	B	FTZ-F1-related receptors (NR5){2.1.5}	26423	STF1_MOUSE
SUH_MOUSE.H11MO.0.A		MOUSE:Rbpj	11	A	CSL-related factors{6.1.4}	19664	SUH_MOUSE
TAF1_MOUSE.H11MO.0.A		MOUSE:Taf1	14	A	TCF-7-related factors{4.1.3}	270627	TAF1_MOUSE
TAL1_MOUSE.H11MO.0.A		MOUSE:Tal1	20	A	Tal-related factors{1.2.3}	21349	TAL1_MOUSE
TBP_MOUSE.H11MO.0.A		MOUSE:Tbp	10	A	TBP-related factors{8.1.1}	21374	TBP_MOUSE
TBX20_MOUSE.H11MO.0.C		MOUSE:Tbx20	14	C	TBX1-related factors{6.5.3}	57246	TBX20_MOUSE
TBX21_MOUSE.H11MO.0.A		MOUSE:Tbx21	12	A	TBrain-related factors{6.5.2}	57765	TBX21_MOUSE
TBX2_MOUSE.H11MO.0.D		MOUSE:Tbx2	25	D	TBX2-related factors{6.5.4}	21385	TBX2_MOUSE
TBX3_MOUSE.H11MO.0.B		MOUSE:Tbx3	9	B	TBX2-related factors{6.5.4}	21386	TBX3_MOUSE
TBX5_MOUSE.H11MO.0.D		MOUSE:Tbx5	8	D	TBX2-related factors{6.5.4}	21388	TBX5_MOUSE
TCF7_MOUSE.H11MO.0.A		MOUSE:Tcf7	16	A	TCF-7-related factors{4.1.3}	21414	TCF7_MOUSE
TEAD1_MOUSE.H11MO.0.A		MOUSE:Tead1	11	A	TEF-1-related factors{3.6.1}	21676	TEAD1_MOUSE
TEAD2_MOUSE.H11MO.0.C		MOUSE:Tead2	12	C	TEF-1-related factors{3.6.1}	21677	TEAD2_MOUSE
TEAD3_MOUSE.H11MO.0.D		MOUSE:Tead3	15	D	TEF-1-related factors{3.6.1}	21678	TEAD3_MOUSE
TEAD4_MOUSE.H11MO.0.A		MOUSE:Tead4	15	A	TEF-1-related factors{3.6.1}	21679	TEAD4_MOUSE
TEF_MOUSE.H11MO.0.D		MOUSE:Tef	14	D	C/EBP-related{1.1.8}	21685	TEF_MOUSE
TF2L1_MOUSE.H11MO.0.C		MOUSE:Tfcp2l1	19	C	CP2-related factors{6.7.2}	81879	TF2L1_MOUSE
TF2L1_MOUSE.H11MO.1.C		MOUSE:Tfcp2l1	10	C	CP2-related factors{6.7.2}	81879	TF2L1_MOUSE
TF65_MOUSE.H11MO.0.A		MOUSE:Rela	11	A	NF-kappaB-related factors{6.1.1}	19697	TF65_MOUSE
TF7L1_MOUSE.H11MO.0.A		MOUSE:Tcf7l1	11	A	TCF-7-related factors{4.1.3}	21415	TF7L1_MOUSE
TF7L2_MOUSE.H11MO.0.A		MOUSE:Tcf7l2	13	A	TCF-7-related factors{4.1.3}	21416	TF7L2_MOUSE
TFCP2_MOUSE.H11MO.0.D		MOUSE:Tfcp2	16	D	CP2-related factors{6.7.2}	21422	TFCP2_MOUSE
TFDP1_MOUSE.H11MO.0.D		MOUSE:Tfdp1	14	D	E2F-related factors{3.3.2}	21781	TFDP1_MOUSE
TFE2_MOUSE.H11MO.0.A		MOUSE:Tcf3	11	A	E2A-related factors{1.2.1}	21423	TFE2_MOUSE
TFE3_MOUSE.H11MO.0.A		MOUSE:Tfe3	10	A	bHLH-ZIP factors{1.2.6}	209446	TFE3_MOUSE
TFEB_MOUSE.H11MO.0.C		MOUSE:Tfeb	9	C	bHLH-ZIP factors{1.2.6}	21425	TFEB_MOUSE
TGIF1_MOUSE.H11MO.0.A		MOUSE:Tgif1	9	A	TALE-type homeo domain factors{3.1.4}	21815	TGIF1_MOUSE
THA11_MOUSE.H11MO.0.B		MOUSE:Thap11	22	B	THAP-related factors{2.9.1}	59016	THA11_MOUSE
THA_MOUSE.H11MO.0.C		MOUSE:Thra	17	C	Thyroid hormone receptor-related factors (NR1){2.1.2}	21833	THA_MOUSE
THA_MOUSE.H11MO.1.C		MOUSE:Thra	9	C	Thyroid hormone receptor-related factors (NR1){2.1.2}	21833	THA_MOUSE
THB_MOUSE.H11MO.0.D		MOUSE:Thrb	17	D	Thyroid hormone receptor-related factors (NR1){2.1.2}	21834	THB_MOUSE
TLX1_MOUSE.H11MO.0.D		MOUSE:Tlx1	17	D	NK-related factors{3.1.2}		TLX1_MOUSE
TWST1_MOUSE.H11MO.0.B		MOUSE:Twist1	17	B	Tal-related factors{1.2.3}	22160	TWST1_MOUSE
TWST1_MOUSE.H11MO.1.B		MOUSE:Twist1	11	B	Tal-related factors{1.2.3}	22160	TWST1_MOUSE
TYY1_MOUSE.H11MO.0.A		MOUSE:Yy1	12	A	More than 3 adjacent zinc finger factors{2.3.3}	22632	TYY1_MOUSE
UBIP1_MOUSE.H11MO.0.D		MOUSE:Ubp1	7	D	CP2-related factors{6.7.2}	22221	UBIP1_MOUSE
USF1_MOUSE.H11MO.0.A		MOUSE:Usf1	13	A	bHLH-ZIP factors{1.2.6}	22278	USF1_MOUSE
USF2_MOUSE.H11MO.0.A		MOUSE:Usf2	19	A	bHLH-ZIP factors{1.2.6}	22282	USF2_MOUSE
VDR_MOUSE.H11MO.0.A		MOUSE:Vdr	16	A	Thyroid hormone receptor-related factors (NR1){2.1.2}	22337	VDR_MOUSE
VDR_MOUSE.H11MO.1.A		MOUSE:Vdr	9	A	Thyroid hormone receptor-related factors (NR1){2.1.2}	22337	VDR_MOUSE
VSX2_MOUSE.H11MO.0.C		MOUSE:Vsx2	12	C	Paired-related HD factors{3.1.3}	12677	VSX2_MOUSE
WT1_MOUSE.H11MO.0.B		MOUSE:Wt1	20	B	More than 3 adjacent zinc finger factors{2.3.3}		WT1_MOUSE
WT1_MOUSE.H11MO.1.A		MOUSE:Wt1	11	A	More than 3 adjacent zinc finger factors{2.3.3}		WT1_MOUSE
XBP1_MOUSE.H11MO.0.C		MOUSE:Xbp1	12	C	XBP-1-related factors{1.1.5}	22433	XBP1_MOUSE
ZBT17_MOUSE.H11MO.0.A		MOUSE:Zbtb17	19	A	Factors with multiple dispersed zinc fingers{2.3.4}	22642	ZBT17_MOUSE
ZBT18_MOUSE.H11MO.0.D		MOUSE:Zbtb18	11	D	More than 3 adjacent zinc finger factors{2.3.3}	30928	ZBT18_MOUSE
ZBT7A_MOUSE.H11MO.0.B		MOUSE:Zbtb7a	9	B	More than 3 adjacent zinc finger factors{2.3.3}	16969	ZBT7A_MOUSE
ZBTB6_MOUSE.H11MO.0.D		MOUSE:Zbtb6	13	D	More than 3 adjacent zinc finger factors{2.3.3}	241322	ZBTB6_MOUSE
ZEB1_MOUSE.H11MO.0.B		MOUSE:Zeb1	10	B	HD-ZF factors{3.1.8}	21417	ZEB1_MOUSE
ZEP1_MOUSE.H11MO.0.D		MOUSE:Hivep1	12	D	Factors with multiple dispersed zinc fingers{2.3.4}		ZEP1_MOUSE
ZEP2_MOUSE.H11MO.0.D		MOUSE:Hivep2	14	D	Factors with multiple dispersed zinc fingers{2.3.4}	15273	ZEP2_MOUSE
ZFHX3_MOUSE.H11MO.0.D		MOUSE:Zfhx3	11	D	HD-ZF factors{3.1.8}		ZFHX3_MOUSE
ZFP42_MOUSE.H11MO.0.A		MOUSE:Zfp42	12	A	More than 3 adjacent zinc finger factors{2.3.3}	22702	ZFP42_MOUSE
ZFP57_MOUSE.H11MO.0.B		MOUSE:Zfp57	10	B	Factors with multiple dispersed zinc fingers{2.3.4}	22715	ZFP57_MOUSE
ZFX_MOUSE.H11MO.0.B		MOUSE:Zfx	19	B	More than 3 adjacent zinc finger factors{2.3.3}	22764	ZFX_MOUSE
ZFX_MOUSE.H11MO.1.B		MOUSE:Zfx	8	B	More than 3 adjacent zinc finger factors{2.3.3}	22764	ZFX_MOUSE
ZIC1_MOUSE.H11MO.0.B		MOUSE:Zic1	9	B	More than 3 adjacent zinc finger factors{2.3.3}	22771	ZIC1_MOUSE
ZIC2_MOUSE.H11MO.0.C		MOUSE:Zic2	15	C	More than 3 adjacent zinc finger factors{2.3.3}		ZIC2_MOUSE
ZIC3_MOUSE.H11MO.0.A		MOUSE:Zic3	15	A	More than 3 adjacent zinc finger factors{2.3.3}	22773	ZIC3_MOUSE
ZKSC1_MOUSE.H11MO.0.A		MOUSE:Zkscan1	19	A	More than 3 adjacent zinc finger factors{2.3.3}	74570	ZKSC1_MOUSE
ZN143_MOUSE.H11MO.0.A		MOUSE:Znf143	22	A	More than 3 adjacent zinc finger factors{2.3.3}	20841	ZN143_MOUSE
ZN148_MOUSE.H11MO.0.D		MOUSE:Znf148	15	D	More than 3 adjacent zinc finger factors{2.3.3}	22661	ZN148_MOUSE
ZN281_MOUSE.H11MO.0.A		MOUSE:Znf281	15	A	More than 3 adjacent zinc finger factors{2.3.3}	226442	ZN281_MOUSE
ZN322_MOUSE.H11MO.0.B		MOUSE:Znf322	20	B	More than 3 adjacent zinc finger factors{2.3.3}	218100	ZN322_MOUSE
ZN335_MOUSE.H11MO.0.A		MOUSE:Znf335	22	A	Factors with multiple dispersed zinc fingers{2.3.4}	329559	ZN335_MOUSE
ZN335_MOUSE.H11MO.1.A		MOUSE:Znf335	7	A	Factors with multiple dispersed zinc fingers{2.3.4}	329559	ZN335_MOUSE
ZN423_MOUSE.H11MO.0.D		MOUSE:Znf423	15	D	Factors with multiple dispersed zinc fingers{2.3.4}	94187	ZN423_MOUSE
ZN431_MOUSE.H11MO.0.C		MOUSE:Znf431	23	C	More than 3 adjacent zinc finger factors{2.3.3}	69504	ZN431_MOUSE